player_id,name,team,position,group,strikeouts,plate_appearances,batters_faced,innings_pitched,k_rate,k_per_9,season
642851,0,ATH,C,hitting,104,412.0,,,0.2524271844660194,,2025
667670,1,ATH,RF,hitting,104,412.0,,,0.2524271844660194,,2025
672016,2,ATH,CF,hitting,104,412.0,,,0.2524271844660194,,2025
665660,3,ATH,P,pitching,125,,449.0,116.0,0.27839643652561247,9.698275862068966,2025
570482,4,ATH,3B,hitting,104,412.0,,,0.2524271844660194,,2025
663687,5,ATH,P,pitching,125,,449.0,116.0,0.27839643652561247,9.698275862068966,2025
669372,6,ATH,P,pitching,125,,449.0,116.0,0.27839643652561247,9.698275862068966,2025
676664,7,ATH,P,pitching,125,,449.0,116.0,0.27839643652561247,9.698275862068966,2025
678022,8,ATH,P,pitching,125,,449.0,116.0,0.27839643652561247,9.698275862068966,2025
682052,9,ATH,P,pitching,125,,449.0,116.0,0.27839643652561247,9.698275862068966,2025
805779,10,ATH,SS,hitting,104,412.0,,,0.2524271844660194,,2025
605488,11,ATH,P,pitching,125,,449.0,116.0,0.27839643652561247,9.698275862068966,2025
686993,12,ATH,P,pitching,125,,449.0,116.0,0.27839643652561247,9.698275862068966,2025
671732,13,ATH,RF,hitting,104,412.0,,,0.2524271844660194,,2025
622663,14,ATH,P,pitching,125,,449.0,116.0,0.27839643652561247,9.698275862068966,2025
695243,15,ATH,P,pitching,125,,449.0,116.0,0.27839643652561247,9.698275862068966,2025
691777,16,ATH,3B,hitting,104,412.0,,,0.2524271844660194,,2025
680474,17,ATH,3B,hitting,104,412.0,,,0.2524271844660194,,2025
547184,18,ATH,P,pitching,125,,449.0,116.0,0.27839643652561247,9.698275862068966,2025
609280,19,ATH,LF,hitting,104,412.0,,,0.2524271844660194,,2025
687765,20,ATH,P,pitching,125,,449.0,116.0,0.27839643652561247,9.698275862068966,2025
701762,21,ATH,1B,hitting,104,412.0,,,0.2524271844660194,,2025
656794,22,ATH,P,pitching,125,,449.0,116.0,0.27839643652561247,9.698275862068966,2025
669127,23,ATH,C,hitting,104,412.0,,,0.2524271844660194,,2025
691016,24,ATH,LF,hitting,104,412.0,,,0.2524271844660194,,2025
680869,25,ATH,2B,hitting,104,412.0,,,0.2524271844660194,,2025
607481,26,ATL,P,pitching,125,,449.0,116.0,0.27839643652561247,9.698275862068966,2025
680735,27,ATL,P,pitching,125,,449.0,116.0,0.27839643652561247,9.698275862068966,2025
663586,28,ATL,3B,hitting,104,412.0,,,0.2524271844660194,,2025
693821,29,ATL,P,pitching,125,,449.0,116.0,0.27839643652561247,9.698275862068966,2025
678226,30,ATL,P,pitching,125,,449.0,116.0,0.27839643652561247,9.698275862068966,2025
686948,31,ATL,C,hitting,104,412.0,,,0.2524271844660194,,2025
669276,32,ATL,P,pitching,125,,449.0,116.0,0.27839643652561247,9.698275862068966,2025
642201,33,ATL,RF,hitting,104,412.0,,,0.2524271844660194,,2025
660853,34,ATL,P,pitching,125,,449.0,116.0,0.27839643652561247,9.698275862068966,2025
656550,35,ATL,P,pitching,125,,449.0,116.0,0.27839643652561247,9.698275862068966,2025
445926,36,ATL,P,pitching,125,,449.0,116.0,0.27839643652561247,9.698275862068966,2025
595777,37,ATL,LF,hitting,104,412.0,,,0.2524271844660194,,2025
663897,38,ATL,SS,hitting,104,412.0,,,0.2524271844660194,,2025
542303,39,ATL,DH,hitting,104,412.0,,,0.2524271844660194,,2025
621566,40,ATL,1B,hitting,104,412.0,,,0.2524271844660194,,2025
671739,41,ATL,CF,hitting,104,412.0,,,0.2524271844660194,,2025
686249,42,ATL,P,pitching,125,,449.0,116.0,0.27839643652561247,9.698275862068966,2025
669397,43,ATL,SS,hitting,104,412.0,,,0.2524271844660194,,2025
645277,44,ATL,2B,hitting,104,412.0,,,0.2524271844660194,,2025
572955,45,ATL,P,pitching,125,,449.0,116.0,0.27839643652561247,9.698275862068966,2025
606160,46,ATL,P,pitching,125,,449.0,116.0,0.27839643652561247,9.698275862068966,2025
628452,47,ATL,P,pitching,125,,449.0,116.0,0.27839643652561247,9.698275862068966,2025
660670,48,ATL,RF,hitting,104,412.0,,,0.2524271844660194,,2025
669221,49,ATL,C,hitting,104,412.0,,,0.2524271844660194,,2025
675911,50,ATL,P,pitching,125,,449.0,116.0,0.27839643652561247,9.698275862068966,2025
656413,51,ATL,RF,hitting,104,412.0,,,0.2524271844660194,,2025
677950,52,AZ,CF,hitting,104,412.0,,,0.2524271844660194,,2025
685314,53,AZ,P,pitching,125,,449.0,116.0,0.27839643652561247,9.698275862068966,2025
543101,54,AZ,P,pitching,125,,449.0,116.0,0.27839643652561247,9.698275862068966,2025
677942,55,AZ,SS,hitting,104,412.0,,,0.2524271844660194,,2025
694297,56,AZ,P,pitching,125,,449.0,116.0,0.27839643652561247,9.698275862068966,2025
682998,57,AZ,RF,hitting,104,412.0,,,0.2524271844660194,,2025
593958,58,AZ,P,pitching,125,,449.0,116.0,0.27839643652561247,9.698275862068966,2025
553993,59,AZ,3B,hitting,104,412.0,,,0.2524271844660194,,2025
672695,60,AZ,SS,hitting,104,412.0,,,0.2524271844660194,,2025
664983,61,AZ,CF,hitting,104,412.0,,,0.2524271844660194,,2025
663765,62,AZ,P,pitching,125,,449.0,116.0,0.27839643652561247,9.698275862068966,2025
656222,63,AZ,P,pitching,125,,449.0,116.0,0.27839643652561247,9.698275862068966,2025
543510,64,AZ,C,hitting,104,412.0,,,0.2524271844660194,,2025
595928,65,AZ,P,pitching,125,,449.0,116.0,0.27839643652561247,9.698275862068966,2025
645444,66,AZ,C,hitting,104,412.0,,,0.2524271844660194,,2025
647304,67,AZ,1B,hitting,104,412.0,,,0.2524271844660194,,2025
666661,68,AZ,P,pitching,125,,449.0,116.0,0.27839643652561247,9.698275862068966,2025
606466,69,AZ,2B,hitting,104,412.0,,,0.2524271844660194,,2025
656464,70,AZ,P,pitching,125,,449.0,116.0,0.27839643652561247,9.698275862068966,2025
679775,71,AZ,P,pitching,125,,449.0,116.0,0.27839643652561247,9.698275862068966,2025
666971,72,AZ,LF,hitting,104,412.0,,,0.2524271844660194,,2025
518876,73,AZ,P,pitching,125,,449.0,116.0,0.27839643652561247,9.698275862068966,2025
545341,74,AZ,RF,hitting,104,412.0,,,0.2524271844660194,,2025
669194,75,AZ,P,pitching,125,,449.0,116.0,0.27839643652561247,9.698275862068966,2025
663536,76,AZ,OF,hitting,104,412.0,,,0.2524271844660194,,2025
668678,77,AZ,P,pitching,125,,449.0,116.0,0.27839643652561247,9.698275862068966,2025
656577,78,BAL,C,hitting,104,412.0,,,0.2524271844660194,,2025
552640,79,BAL,P,pitching,125,,449.0,116.0,0.27839643652561247,9.698275862068966,2025
687064,80,BAL,P,pitching,125,,449.0,116.0,0.27839643652561247,9.698275862068966,2025
656775,81,BAL,CF,hitting,104,412.0,,,0.2524271844660194,,2025
450203,82,BAL,P,pitching,125,,449.0,116.0,0.27839643652561247,9.698275862068966,2025
691723,83,BAL,1B,hitting,104,412.0,,,0.2524271844660194,,2025
681297,84,BAL,LF,hitting,104,412.0,,,0.2524271844660194,,2025
656686,85,BAL,P,pitching,125,,449.0,116.0,0.27839643652561247,9.698275862068966,2025
675915,86,BAL,C,hitting,104,412.0,,,0.2524271844660194,,2025
665152,87,BAL,P,pitching,125,,449.0,116.0,0.27839643652561247,9.698275862068966,2025
642585,88,BAL,P,pitching,125,,449.0,116.0,0.27839643652561247,9.698275862068966,2025
664991,89,BAL,P,pitching,125,,449.0,116.0,0.27839643652561247,9.698275862068966,2025
642397,90,BAL,P,pitching,125,,449.0,116.0,0.27839643652561247,9.698275862068966,2025
683002,91,BAL,SS,hitting,104,412.0,,,0.2524271844660194,,2025
702616,92,BAL,2B,hitting,104,412.0,,,0.2524271844660194,,2025
607732,93,BAL,C,hitting,104,412.0,,,0.2524271844660194,,2025
676059,94,BAL,3B,hitting,104,412.0,,,0.2524271844660194,,2025
676679,95,BAL,SS,hitting,104,412.0,,,0.2524271844660194,,2025
657656,96,BAL,RF,hitting,104,412.0,,,0.2524271844660194,,2025
602104,97,BAL,3B,hitting,104,412.0,,,0.2524271844660194,,2025
656811,98,BAL,1B,hitting,104,412.0,,,0.2524271844660194,,2025
656240,99,BAL,P,pitching,125,,449.0,116.0,0.27839643652561247,9.698275862068966,2025
622554,100,BAL,P,pitching,125,,449.0,116.0,0.27839643652561247,9.698275862068966,2025
608372,101,BAL,P,pitching,125,,449.0,116.0,0.27839643652561247,9.698275862068966,2025
669432,102,BAL,P,pitching,125,,449.0,116.0,0.27839643652561247,9.698275862068966,2025
641933,103,BAL,RF,hitting,104,412.0,,,0.2524271844660194,,2025
666974,104,BAL,P,pitching,125,,449.0,116.0,0.27839643652561247,9.698275862068966,2025
647351,105,BOS,1B,hitting,104,412.0,,,0.2524271844660194,,2025
547973,106,BOS,P,pitching,125,,449.0,116.0,0.27839643652561247,9.698275862068966,2025
678394,107,BOS,P,pitching,125,,449.0,116.0,0.27839643652561247,9.698275862068966,2025
657514,108,BOS,P,pitching,125,,449.0,116.0,0.27839643652561247,9.698275862068966,2025
665966,109,BOS,C,hitting,104,412.0,,,0.2524271844660194,,2025
678882,110,BOS,CF,hitting,104,412.0,,,0.2524271844660194,,2025
669684,111,BOS,P,pitching,125,,449.0,116.0,0.27839643652561247,9.698275862068966,2025
657136,112,BOS,C,hitting,104,412.0,,,0.2524271844660194,,2025
666152,113,BOS,2B,hitting,104,412.0,,,0.2524271844660194,,2025
676979,114,BOS,P,pitching,125,,449.0,116.0,0.27839643652561247,9.698275862068966,2025
676477,115,BOS,P,pitching,125,,449.0,116.0,0.27839643652561247,9.698275862068966,2025
669711,116,BOS,P,pitching,125,,449.0,116.0,0.27839643652561247,9.698275862068966,2025
663462,117,BOS,P,pitching,125,,449.0,116.0,0.27839643652561247,9.698275862068966,2025
680776,118,BOS,LF,hitting,104,412.0,,,0.2524271844660194,,2025
663855,119,BOS,P,pitching,125,,449.0,116.0,0.27839643652561247,9.698275862068966,2025
660896,120,BOS,P,pitching,125,,449.0,116.0,0.27839643652561247,9.698275862068966,2025
458677,121,BOS,P,pitching,125,,449.0,116.0,0.27839643652561247,9.698275862068966,2025
608337,122,BOS,P,pitching,125,,449.0,116.0,0.27839643652561247,9.698275862068966,2025
691785,123,BOS,3B,hitting,104,412.0,,,0.2524271844660194,,2025
807799,124,BOS,LF,hitting,104,412.0,,,0.2524271844660194,,2025
608701,125,BOS,RF,hitting,104,412.0,,,0.2524271844660194,,2025
701350,126,BOS,RF,hitting,104,412.0,,,0.2524271844660194,,2025
663853,127,BOS,1B,hitting,104,412.0,,,0.2524271844660194,,2025
596115,128,BOS,SS,hitting,104,412.0,,,0.2524271844660194,,2025
621111,129,BOS,P,pitching,125,,449.0,116.0,0.27839643652561247,9.698275862068966,2025
677800,130,BOS,RF,hitting,104,412.0,,,0.2524271844660194,,2025
641745,131,CHC,P,pitching,125,,449.0,116.0,0.27839643652561247,9.698275862068966,2025
690990,132,CHC,P,pitching,125,,449.0,116.0,0.27839643652561247,9.698275862068966,2025
573204,133,CHC,P,pitching,125,,449.0,116.0,0.27839643652561247,9.698275862068966,2025
608348,134,CHC,C,hitting,104,412.0,,,0.2524271844660194,,2025
623167,135,CHC,P,pitching,125,,449.0,116.0,0.27839643652561247,9.698275862068966,2025
607067,136,CHC,P,pitching,125,,449.0,116.0,0.27839643652561247,9.698275862068966,2025
694037,137,CHC,P,pitching,125,,449.0,116.0,0.27839643652561247,9.698275862068966,2025
621020,138,CHC,SS,hitting,104,412.0,,,0.2524271844660194,,2025
519141,139,CHC,P,pitching,125,,449.0,116.0,0.27839643652561247,9.698275862068966,2025
681799,140,CHC,P,pitching,125,,449.0,116.0,0.27839643652561247,9.698275862068966,2025
664023,141,CHC,LF,hitting,104,412.0,,,0.2524271844660194,,2025
542932,142,CHC,3B,hitting,104,412.0,,,0.2524271844660194,,2025
696136,143,CHC,P,pitching,125,,449.0,116.0,0.27839643652561247,9.698275862068966,2025
457759,144,CHC,1B,hitting,104,412.0,,,0.2524271844660194,,2025
663656,145,CHC,RF,hitting,104,412.0,,,0.2524271844660194,,2025
807713,146,CHC,3B,hitting,104,412.0,,,0.2524271844660194,,2025
571510,147,CHC,P,pitching,125,,449.0,116.0,0.27839643652561247,9.698275862068966,2025
683737,148,CHC,1B,hitting,104,412.0,,,0.2524271844660194,,2025
663538,149,CHC,2B,hitting,104,412.0,,,0.2524271844660194,,2025
691718,150,CHC,CF,hitting,104,412.0,,,0.2524271844660194,,2025
624512,151,CHC,C,hitting,104,412.0,,,0.2524271844660194,,2025
518489,152,CHC,P,pitching,125,,449.0,116.0,0.27839643652561247,9.698275862068966,2025
519151,153,CHC,P,pitching,125,,449.0,116.0,0.27839643652561247,9.698275862068966,2025
673548,154,CHC,RF,hitting,104,412.0,,,0.2524271844660194,,2025
684007,155,CHC,P,pitching,125,,449.0,116.0,0.27839643652561247,9.698275862068966,2025
660644,156,CHC,3B,hitting,104,412.0,,,0.2524271844660194,,2025
671096,157,CIN,P,pitching,125,,449.0,116.0,0.27839643652561247,9.698275862068966,2025
669720,158,CIN,LF,hitting,104,412.0,,,0.2524271844660194,,2025
663903,159,CIN,P,pitching,125,,449.0,116.0,0.27839643652561247,9.698275862068966,2025
608718,160,CIN,P,pitching,125,,449.0,116.0,0.27839643652561247,9.698275862068966,2025
695505,161,CIN,P,pitching,125,,449.0,116.0,0.27839643652561247,9.698275862068966,2025
687952,162,CIN,1B,hitting,104,412.0,,,0.2524271844660194,,2025
656582,163,CIN,RF,hitting,104,412.0,,,0.2524271844660194,,2025
682829,164,CIN,SS,hitting,104,412.0,,,0.2524271844660194,,2025
641941,165,CIN,P,pitching,125,,449.0,116.0,0.27839643652561247,9.698275862068966,2025
666158,166,CIN,LF,hitting,104,412.0,,,0.2524271844660194,,2025
668933,167,CIN,P,pitching,125,,449.0,116.0,0.27839643652561247,9.698275862068966,2025
624431,168,CIN,C,hitting,104,412.0,,,0.2524271844660194,,2025
680689,169,CIN,P,pitching,125,,449.0,116.0,0.27839643652561247,9.698275862068966,2025
680574,170,CIN,2B,hitting,104,412.0,,,0.2524271844660194,,2025
666157,171,CIN,P,pitching,125,,449.0,116.0,0.27839643652561247,9.698275862068966,2025
607259,172,CIN,P,pitching,125,,449.0,116.0,0.27839643652561247,9.698275862068966,2025
682622,173,CIN,3B,hitting,104,412.0,,,0.2524271844660194,,2025
594580,174,CIN,P,pitching,125,,449.0,116.0,0.27839643652561247,9.698275862068966,2025
669289,175,CIN,3B,hitting,104,412.0,,,0.2524271844660194,,2025
605130,176,CIN,P,pitching,125,,449.0,116.0,0.27839643652561247,9.698275862068966,2025
668715,177,CIN,1B,hitting,104,412.0,,,0.2524271844660194,,2025
670770,178,CIN,CF,hitting,104,412.0,,,0.2524271844660194,,2025
573124,179,CIN,P,pitching,125,,449.0,116.0,0.27839643652561247,9.698275862068966,2025
663574,180,CIN,P,pitching,125,,449.0,116.0,0.27839643652561247,9.698275862068966,2025
663886,181,CIN,C,hitting,104,412.0,,,0.2524271844660194,,2025
666181,182,CIN,LF,hitting,104,412.0,,,0.2524271844660194,,2025
682657,183,CLE,CF,hitting,104,412.0,,,0.2524271844660194,,2025
595978,184,CLE,C,hitting,104,412.0,,,0.2524271844660194,,2025
666310,185,CLE,C,hitting,104,412.0,,,0.2524271844660194,,2025
677587,186,CLE,SS,hitting,104,412.0,,,0.2524271844660194,,2025
671922,187,CLE,P,pitching,125,,449.0,116.0,0.27839643652561247,9.698275862068966,2025
467793,188,CLE,1B,hitting,104,412.0,,,0.2524271844660194,,2025
682177,189,CLE,2B,hitting,104,412.0,,,0.2524271844660194,,2025
681807,190,CLE,1B,hitting,104,412.0,,,0.2524271844660194,,2025
661403,191,CLE,P,pitching,125,,449.0,116.0,0.27839643652561247,9.698275862068966,2025
681870,192,CLE,P,pitching,125,,449.0,116.0,0.27839643652561247,9.698275862068966,2025
668909,193,CLE,P,pitching,125,,449.0,116.0,0.27839643652561247,9.698275862068966,2025
683769,194,CLE,P,pitching,125,,449.0,116.0,0.27839643652561247,9.698275862068966,2025
596001,195,CLE,P,pitching,125,,449.0,116.0,0.27839643652561247,9.698275862068966,2025
678877,196,CLE,RF,hitting,104,412.0,,,0.2524271844660194,,2025
676282,197,CLE,P,pitching,125,,449.0,116.0,0.27839643652561247,9.698275862068966,2025
671286,198,CLE,RF,hitting,104,412.0,,,0.2524271844660194,,2025
608070,199,CLE,3B,hitting,104,412.0,,,0.2524271844660194,,2025
663465,200,CLE,P,pitching,125,,449.0,116.0,0.27839643652561247,9.698275862068966,2025
671106,201,CLE,P,pitching,125,,449.0,116.0,0.27839643652561247,9.698275862068966,2025
670036,202,CLE,P,pitching,125,,449.0,116.0,0.27839643652561247,9.698275862068966,2025
666134,203,CLE,RF,hitting,104,412.0,,,0.2524271844660194,,2025
623149,204,CLE,P,pitching,125,,449.0,116.0,0.27839643652561247,9.698275862068966,2025
677944,205,CLE,P,pitching,125,,449.0,116.0,0.27839643652561247,9.698275862068966,2025
680757,206,CLE,LF,hitting,104,412.0,,,0.2524271844660194,,2025
676440,207,CLE,P,pitching,125,,449.0,116.0,0.27839643652561247,9.698275862068966,2025
669717,208,CLE,3B,hitting,104,412.0,,,0.2524271844660194,,2025
622608,209,COL,P,pitching,125,,449.0,116.0,0.27839643652561247,9.698275862068966,2025
596295,210,COL,P,pitching,125,,449.0,116.0,0.27839643652561247,9.698275862068966,2025
543592,211,COL,C,hitting,104,412.0,,,0.2524271844660194,,2025
687134,212,COL,P,pitching,125,,449.0,116.0,0.27839643652561247,9.698275862068966,2025
686668,213,COL,CF,hitting,104,412.0,,,0.2524271844660194,,2025
608566,214,COL,P,pitching,125,,449.0,116.0,0.27839643652561247,9.698275862068966,2025
696100,215,COL,C,hitting,104,412.0,,,0.2524271844660194,,2025
656234,216,COL,P,pitching,125,,449.0,116.0,0.27839643652561247,9.698275862068966,2025
623474,217,COL,P,pitching,125,,449.0,116.0,0.27839643652561247,9.698275862068966,2025
687597,218,COL,LF,hitting,104,412.0,,,0.2524271844660194,,2025
675848,219,COL,P,pitching,125,,449.0,116.0,0.27839643652561247,9.698275862068966,2025
571657,220,COL,2B,hitting,104,412.0,,,0.2524271844660194,,2025
607536,221,COL,P,pitching,125,,449.0,116.0,0.27839643652561247,9.698275862068966,2025
669911,222,COL,1B,hitting,104,412.0,,,0.2524271844660194,,2025
666160,223,COL,RF,hitting,104,412.0,,,0.2524271844660194,,2025
606115,224,COL,SS,hitting,104,412.0,,,0.2524271844660194,,2025
641857,225,COL,3B,hitting,104,412.0,,,0.2524271844660194,,2025
690022,226,COL,SS,hitting,104,412.0,,,0.2524271844660194,,2025
669020,227,COL,P,pitching,125,,449.0,116.0,0.27839643652561247,9.698275862068966,2025
678020,228,COL,P,pitching,125,,449.0,116.0,0.27839643652561247,9.698275862068966,2025
642731,229,COL,2B,hitting,104,412.0,,,0.2524271844660194,,2025
671289,230,COL,RF,hitting,104,412.0,,,0.2524271844660194,,2025
641755,231,COL,P,pitching,125,,449.0,116.0,0.27839643652561247,9.698275862068966,2025
680767,232,COL,P,pitching,125,,449.0,116.0,0.27839643652561247,9.698275862068966,2025
692585,233,COL,RF,hitting,104,412.0,,,0.2524271844660194,,2025
688642,234,COL,P,pitching,125,,449.0,116.0,0.27839643652561247,9.698275862068966,2025
650644,235,CWS,P,pitching,125,,449.0,116.0,0.27839643652561247,9.698275862068966,2025
605288,236,CWS,P,pitching,125,,449.0,116.0,0.27839643652561247,9.698275862068966,2025
643217,237,CWS,LF,hitting,104,412.0,,,0.2524271844660194,,2025
596103,238,CWS,LF,hitting,104,412.0,,,0.2524271844660194,,2025
685126,239,CWS,P,pitching,125,,449.0,116.0,0.27839643652561247,9.698275862068966,2025
805367,240,CWS,SS,hitting,104,412.0,,,0.2524271844660194,,2025
695657,241,CWS,SS,hitting,104,412.0,,,0.2524271844660194,,2025
656186,242,CWS,P,pitching,125,,449.0,116.0,0.27839643652561247,9.698275862068966,2025
700337,243,CWS,C,hitting,104,412.0,,,0.2524271844660194,,2025
691799,244,CWS,P,pitching,125,,449.0,116.0,0.27839643652561247,9.698275862068966,2025
686563,245,CWS,P,pitching,125,,449.0,116.0,0.27839643652561247,9.698275862068966,2025
673929,246,CWS,P,pitching,125,,449.0,116.0,0.27839643652561247,9.698275862068966,2025
668942,247,CWS,3B,hitting,104,412.0,,,0.2524271844660194,,2025
691019,248,CWS,C,hitting,104,412.0,,,0.2524271844660194,,2025
672820,249,CWS,2B,hitting,104,412.0,,,0.2524271844660194,,2025
673357,250,CWS,CF,hitting,104,412.0,,,0.2524271844660194,,2025
572191,251,CWS,RF,hitting,104,412.0,,,0.2524271844660194,,2025
678246,252,CWS,3B,hitting,104,412.0,,,0.2524271844660194,,2025
643565,253,CWS,RF,hitting,104,412.0,,,0.2524271844660194,,2025
678024,254,CWS,P,pitching,125,,449.0,116.0,0.27839643652561247,9.698275862068966,2025
680732,255,CWS,P,pitching,125,,449.0,116.0,0.27839643652561247,9.698275862068966,2025
681343,256,CWS,P,pitching,125,,449.0,116.0,0.27839643652561247,9.698275862068966,2025
621051,257,CWS,P,pitching,125,,449.0,116.0,0.27839643652561247,9.698275862068966,2025
671284,258,CWS,1B,hitting,104,412.0,,,0.2524271844660194,,2025
641302,259,CWS,P,pitching,125,,449.0,116.0,0.27839643652561247,9.698275862068966,2025
656457,260,CWS,P,pitching,125,,449.0,116.0,0.27839643652561247,9.698275862068966,2025
676428,261,DET,P,pitching,125,,449.0,116.0,0.27839643652561247,9.698275862068966,2025
669724,262,DET,P,pitching,125,,449.0,116.0,0.27839643652561247,9.698275862068966,2025
672578,263,DET,P,pitching,125,,449.0,116.0,0.27839643652561247,9.698275862068966,2025
663554,264,DET,P,pitching,125,,449.0,116.0,0.27839643652561247,9.698275862068966,2025
695445,265,DET,P,pitching,125,,449.0,116.0,0.27839643652561247,9.698275862068966,2025
690993,266,DET,2B,hitting,104,412.0,,,0.2524271844660194,,2025
608650,267,DET,P,pitching,125,,449.0,116.0,0.27839643652561247,9.698275862068966,2025
693307,268,DET,C,hitting,104,412.0,,,0.2524271844660194,,2025
650402,269,DET,2B,hitting,104,412.0,,,0.2524271844660194,,2025
656427,270,DET,P,pitching,125,,449.0,116.0,0.27839643652561247,9.698275862068966,2025
663330,271,DET,RF,hitting,104,412.0,,,0.2524271844660194,,2025
668670,272,DET,C,hitting,104,412.0,,,0.2524271844660194,,2025
595879,273,DET,CF,hitting,104,412.0,,,0.2524271844660194,,2025
672456,274,DET,P,pitching,125,,449.0,116.0,0.27839643652561247,9.698275862068966,2025
663837,275,DET,CF,hitting,104,412.0,,,0.2524271844660194,,2025
678009,276,DET,CF,hitting,104,412.0,,,0.2524271844660194,,2025
681857,277,DET,P,pitching,125,,449.0,116.0,0.27839643652561247,9.698275862068966,2025
682985,278,DET,LF,hitting,104,412.0,,,0.2524271844660194,,2025
679529,279,DET,1B,hitting,104,412.0,,,0.2524271844660194,,2025
669373,280,DET,P,pitching,125,,449.0,116.0,0.27839643652561247,9.698275862068966,2025
592454,281,DET,P,pitching,125,,449.0,116.0,0.27839643652561247,9.698275862068966,2025
700242,282,DET,SS,hitting,104,412.0,,,0.2524271844660194,,2025
663947,283,DET,P,pitching,125,,449.0,116.0,0.27839643652561247,9.698275862068966,2025
672761,284,DET,RF,hitting,104,412.0,,,0.2524271844660194,,2025
676684,285,DET,P,pitching,125,,449.0,116.0,0.27839643652561247,9.698275862068966,2025
656716,286,DET,3B,hitting,104,412.0,,,0.2524271844660194,,2025
656986,287,HOU,P,pitching,125,,449.0,116.0,0.27839643652561247,9.698275862068966,2025
687888,288,HOU,P,pitching,125,,449.0,116.0,0.27839643652561247,9.698275862068966,2025
650556,289,HOU,P,pitching,125,,449.0,116.0,0.27839643652561247,9.698275862068966,2025
687911,290,HOU,P,pitching,125,,449.0,116.0,0.27839643652561247,9.698275862068966,2025
701358,291,HOU,RF,hitting,104,412.0,,,0.2524271844660194,,2025
676467,292,HOU,P,pitching,125,,449.0,116.0,0.27839643652561247,9.698275862068966,2025
669450,293,HOU,LF,hitting,104,412.0,,,0.2524271844660194,,2025
663967,294,HOU,C,hitting,104,412.0,,,0.2524271844660194,,2025
664285,295,HOU,P,pitching,125,,449.0,116.0,0.27839643652561247,9.698275862068966,2025
686613,296,HOU,P,pitching,125,,449.0,116.0,0.27839643652561247,9.698275862068966,2025
593576,297,HOU,P,pitching,125,,449.0,116.0,0.27839643652561247,9.698275862068966,2025
670623,298,HOU,3B,hitting,104,412.0,,,0.2524271844660194,,2025
676694,299,HOU,CF,hitting,104,412.0,,,0.2524271844660194,,2025
514888,300,HOU,LF,hitting,104,412.0,,,0.2524271844660194,,2025
623352,301,HOU,P,pitching,125,,449.0,116.0,0.27839643652561247,9.698275862068966,2025
672391,302,HOU,P,pitching,125,,449.0,116.0,0.27839643652561247,9.698275862068966,2025
685744,303,HOU,CF,hitting,104,412.0,,,0.2524271844660194,,2025
621121,304,HOU,P,pitching,125,,449.0,116.0,0.27839643652561247,9.698275862068966,2025
643289,305,HOU,2B,hitting,104,412.0,,,0.2524271844660194,,2025
687473,306,HOU,P,pitching,125,,449.0,116.0,0.27839643652561247,9.698275862068966,2025
694376,307,HOU,LF,hitting,104,412.0,,,0.2524271844660194,,2025
595345,308,HOU,P,pitching,125,,449.0,116.0,0.27839643652561247,9.698275862068966,2025
666211,309,HOU,LF,hitting,104,412.0,,,0.2524271844660194,,2025
605170,310,HOU,C,hitting,104,412.0,,,0.2524271844660194,,2025
673237,311,HOU,C,hitting,104,412.0,,,0.2524271844660194,,2025
670097,312,HOU,3B,hitting,104,412.0,,,0.2524271844660194,,2025
672582,313,KC,P,pitching,125,,449.0,116.0,0.27839643652561247,9.698275862068966,2025
677951,314,KC,SS,hitting,104,412.0,,,0.2524271844660194,,2025
687478,315,KC,SS,hitting,104,412.0,,,0.2524271844660194,,2025
608032,316,KC,P,pitching,125,,449.0,116.0,0.27839643652561247,9.698275862068966,2025
666023,317,KC,C,hitting,104,412.0,,,0.2524271844660194,,2025
695506,318,KC,RF,hitting,104,412.0,,,0.2524271844660194,,2025
670231,319,KC,RF,hitting,104,412.0,,,0.2524271844660194,,2025
670167,320,KC,P,pitching,125,,449.0,116.0,0.27839643652561247,9.698275862068966,2025
680742,321,KC,P,pitching,125,,449.0,116.0,0.27839643652561247,9.698275862068966,2025
663697,322,KC,2B,hitting,104,412.0,,,0.2524271844660194,,2025
663460,323,KC,P,pitching,125,,449.0,116.0,0.27839643652561247,9.698275862068966,2025
664728,324,KC,CF,hitting,104,412.0,,,0.2524271844660194,,2025
668674,325,KC,P,pitching,125,,449.0,116.0,0.27839643652561247,9.698275862068966,2025
571912,326,KC,C,hitting,104,412.0,,,0.2524271844660194,,2025
672580,327,KC,3B,hitting,104,412.0,,,0.2524271844660194,,2025
547179,328,KC,P,pitching,125,,449.0,116.0,0.27839643652561247,9.698275862068966,2025
608379,329,KC,P,pitching,125,,449.0,116.0,0.27839643652561247,9.698275862068966,2025
679845,330,KC,LF,hitting,104,412.0,,,0.2524271844660194,,2025
702070,331,KC,P,pitching,125,,449.0,116.0,0.27839643652561247,9.698275862068966,2025
521692,332,KC,C,hitting,104,412.0,,,0.2524271844660194,,2025
669674,333,KC,P,pitching,125,,449.0,116.0,0.27839643652561247,9.698275862068966,2025
607625,334,KC,P,pitching,125,,449.0,116.0,0.27839643652561247,9.698275862068966,2025
674444,335,KC,P,pitching,125,,449.0,116.0,0.27839643652561247,9.698275862068966,2025
664199,336,KC,P,pitching,125,,449.0,116.0,0.27839643652561247,9.698275862068966,2025
686475,337,KC,2B,hitting,104,412.0,,,0.2524271844660194,,2025
686469,338,KC,1B,hitting,104,412.0,,,0.2524271844660194,,2025
656271,339,LAA,P,pitching,125,,449.0,116.0,0.27839643652561247,9.698275862068966,2025
608334,340,LAA,P,pitching,125,,449.0,116.0,0.27839643652561247,9.698275862068966,2025
641401,341,LAA,P,pitching,125,,449.0,116.0,0.27839643652561247,9.698275862068966,2025
672569,342,LAA,RF,hitting,104,412.0,,,0.2524271844660194,,2025
686799,343,LAA,P,pitching,125,,449.0,116.0,0.27839643652561247,9.698275862068966,2025
666176,344,LAA,CF,hitting,104,412.0,,,0.2524271844660194,,2025
624585,345,LAA,RF,hitting,104,412.0,,,0.2524271844660194,,2025
820862,346,LAA,P,pitching,125,,449.0,116.0,0.27839643652561247,9.698275862068966,2025
667755,347,LAA,P,pitching,125,,449.0,116.0,0.27839643652561247,9.698275862068966,2025
445276,348,LAA,P,pitching,125,,449.0,116.0,0.27839643652561247,9.698275862068966,2025
621028,349,LAA,3B,hitting,104,412.0,,,0.2524271844660194,,2025
543294,350,LAA,P,pitching,125,,449.0,116.0,0.27839643652561247,9.698275862068966,2025
664774,351,LAA,1B,hitting,104,412.0,,,0.2524271844660194,,2025
681351,352,LAA,C,hitting,104,412.0,,,0.2524271844660194,,2025
650859,353,LAA,3B,hitting,104,412.0,,,0.2524271844660194,,2025
545361,354,LAA,RF,hitting,104,412.0,,,0.2524271844660194,,2025
694384,355,LAA,1B,hitting,104,412.0,,,0.2524271844660194,,2025
672282,356,LAA,P,pitching,125,,449.0,116.0,0.27839643652561247,9.698275862068966,2025
666171,357,LAA,P,pitching,125,,449.0,116.0,0.27839643652561247,9.698275862068966,2025
696147,358,LAA,P,pitching,125,,449.0,116.0,0.27839643652561247,9.698275862068966,2025
621493,359,LAA,LF,hitting,104,412.0,,,0.2524271844660194,,2025
518595,360,LAA,C,hitting,104,412.0,,,0.2524271844660194,,2025
542881,361,LAA,P,pitching,125,,449.0,116.0,0.27839643652561247,9.698275862068966,2025
660162,362,LAA,3B,hitting,104,412.0,,,0.2524271844660194,,2025
579328,363,LAA,P,pitching,125,,449.0,116.0,0.27839643652561247,9.698275862068966,2025
687263,364,LAA,SS,hitting,104,412.0,,,0.2524271844660194,,2025
681911,365,LAD,P,pitching,125,,449.0,116.0,0.27839643652561247,9.698275862068966,2025
681624,366,LAD,CF,hitting,104,412.0,,,0.2524271844660194,,2025
607455,367,LAD,P,pitching,125,,449.0,116.0,0.27839643652561247,9.698275862068966,2025
676508,368,LAD,P,pitching,125,,449.0,116.0,0.27839643652561247,9.698275862068966,2025
477132,369,LAD,P,pitching,125,,449.0,116.0,0.27839643652561247,9.698275862068966,2025
687221,370,LAD,C,hitting,104,412.0,,,0.2524271844660194,,2025
669160,371,LAD,P,pitching,125,,449.0,116.0,0.27839643652561247,9.698275862068966,2025
686218,372,LAD,P,pitching,125,,449.0,116.0,0.27839643652561247,9.698275862068966,2025
665923,373,LAD,LF,hitting,104,412.0,,,0.2524271844660194,,2025
518692,374,LAD,1B,hitting,104,412.0,,,0.2524271844660194,,2025
808975,375,LAD,2B,hitting,104,412.0,,,0.2524271844660194,,2025
676263,376,LAD,P,pitching,125,,449.0,116.0,0.27839643652561247,9.698275862068966,2025
681546,377,LAD,CF,hitting,104,412.0,,,0.2524271844660194,,2025
489446,378,LAD,P,pitching,125,,449.0,116.0,0.27839643652561247,9.698275862068966,2025
642152,379,LAD,P,pitching,125,,449.0,116.0,0.27839643652561247,9.698275862068966,2025
624424,380,LAD,LF,hitting,104,412.0,,,0.2524271844660194,,2025
500743,381,LAD,2B,hitting,104,412.0,,,0.2524271844660194,,2025
605141,382,LAD,SS,hitting,104,412.0,,,0.2524271844660194,,2025
660271,383,LAD,TWP,hitting,104,412.0,,,0.2524271844660194,,2025
656945,384,LAD,P,pitching,125,,449.0,116.0,0.27839643652561247,9.698275862068966,2025
606192,385,LAD,RF,hitting,104,412.0,,,0.2524271844660194,,2025
669242,386,LAD,2B,hitting,104,412.0,,,0.2524271844660194,,2025
607192,387,LAD,P,pitching,125,,449.0,116.0,0.27839643652561247,9.698275862068966,2025
694361,388,LAD,P,pitching,125,,449.0,116.0,0.27839643652561247,9.698275862068966,2025
669257,389,LAD,C,hitting,104,412.0,,,0.2524271844660194,,2025
808967,390,LAD,P,pitching,125,,449.0,116.0,0.27839643652561247,9.698275862068966,2025
682663,391,MIA,C,hitting,104,412.0,,,0.2524271844660194,,2025
669622,392,MIA,P,pitching,125,,449.0,116.0,0.27839643652561247,9.698275862068966,2025
806188,393,MIA,P,pitching,125,,449.0,116.0,0.27839643652561247,9.698275862068966,2025
615698,394,MIA,P,pitching,125,,449.0,116.0,0.27839643652561247,9.698275862068966,2025
676534,395,MIA,P,pitching,125,,449.0,116.0,0.27839643652561247,9.698275862068966,2025
681393,396,MIA,3B,hitting,104,412.0,,,0.2524271844660194,,2025
667472,397,MIA,CF,hitting,104,412.0,,,0.2524271844660194,,2025
656537,398,MIA,CF,hitting,104,412.0,,,0.2524271844660194,,2025
665795,399,MIA,P,pitching,125,,449.0,116.0,0.27839643652561247,9.698275862068966,2025
676572,400,MIA,1B,hitting,104,412.0,,,0.2524271844660194,,2025
691587,401,MIA,P,pitching,125,,449.0,116.0,0.27839643652561247,9.698275862068966,2025
681715,402,MIA,LF,hitting,104,412.0,,,0.2524271844660194,,2025
676083,403,MIA,P,pitching,125,,449.0,116.0,0.27839643652561247,9.698275862068966,2025
691594,404,MIA,2B,hitting,104,412.0,,,0.2524271844660194,,2025
660821,405,MIA,RF,hitting,104,412.0,,,0.2524271844660194,,2025
681006,406,MIA,P,pitching,125,,449.0,116.0,0.27839643652561247,9.698275862068966,2025
669065,407,MIA,LF,hitting,104,412.0,,,0.2524271844660194,,2025
669199,408,MIA,P,pitching,125,,449.0,116.0,0.27839643652561247,9.698275862068966,2025
689414,409,MIA,C,hitting,104,412.0,,,0.2524271844660194,,2025
663743,410,MIA,C,hitting,104,412.0,,,0.2524271844660194,,2025
672640,411,MIA,2B,hitting,104,412.0,,,0.2524271844660194,,2025
678692,412,MIA,P,pitching,125,,449.0,116.0,0.27839643652561247,9.698275862068966,2025
645261,413,MIA,P,pitching,125,,449.0,116.0,0.27839643652561247,9.698275862068966,2025
663969,414,MIA,P,pitching,125,,449.0,116.0,0.27839643652561247,9.698275862068966,2025
678368,415,MIA,P,pitching,125,,449.0,116.0,0.27839643652561247,9.698275862068966,2025
669364,416,MIA,SS,hitting,104,412.0,,,0.2524271844660194,,2025
676879,417,MIL,P,pitching,125,,449.0,116.0,0.27839643652561247,9.698275862068966,2025
682842,418,MIL,P,pitching,125,,449.0,116.0,0.27839643652561247,9.698275862068966,2025
683734,419,MIL,1B,hitting,104,412.0,,,0.2524271844660194,,2025
655316,420,MIL,SS,hitting,104,412.0,,,0.2524271844660194,,2025
678011,421,MIL,2B,hitting,104,412.0,,,0.2524271844660194,,2025
605540,422,MIL,P,pitching,125,,449.0,116.0,0.27839643652561247,9.698275862068966,2025
668930,423,MIL,2B,hitting,104,412.0,,,0.2524271844660194,,2025
702332,424,MIL,3B,hitting,104,412.0,,,0.2524271844660194,,2025
592885,425,MIL,LF,hitting,104,412.0,,,0.2524271844660194,,2025
669084,426,MIL,P,pitching,125,,449.0,116.0,0.27839643652561247,9.698275862068966,2025
668834,427,MIL,P,pitching,125,,449.0,116.0,0.27839643652561247,9.698275862068966,2025
606992,428,MIL,C,hitting,104,412.0,,,0.2524271844660194,,2025
642547,429,MIL,P,pitching,125,,449.0,116.0,0.27839643652561247,9.698275862068966,2025
681982,430,MIL,P,pitching,125,,449.0,116.0,0.27839643652561247,9.698275862068966,2025
686555,431,MIL,LF,hitting,104,412.0,,,0.2524271844660194,,2025
694192,432,MIL,CF,hitting,104,412.0,,,0.2524271844660194,,2025
694819,433,MIL,P,pitching,125,,449.0,116.0,0.27839643652561247,9.698275862068966,2025
641343,434,MIL,LF,hitting,104,412.0,,,0.2524271844660194,,2025
657649,435,MIL,P,pitching,125,,449.0,116.0,0.27839643652561247,9.698275862068966,2025
687401,436,MIL,SS,hitting,104,412.0,,,0.2524271844660194,,2025
500779,437,MIL,P,pitching,125,,449.0,116.0,0.27839643652561247,9.698275862068966,2025
683232,438,MIL,P,pitching,125,,449.0,116.0,0.27839643652561247,9.698275862068966,2025
682990,439,MIL,P,pitching,125,,449.0,116.0,0.27839643652561247,9.698275862068966,2025
686217,440,MIL,RF,hitting,104,412.0,,,0.2524271844660194,,2025
656730,441,MIL,P,pitching,125,,449.0,116.0,0.27839643652561247,9.698275862068966,2025
661388,442,MIL,C,hitting,104,412.0,,,0.2524271844660194,,2025
664948,443,MIN,P,pitching,125,,449.0,116.0,0.27839643652561247,9.698275862068966,2025
592779,444,MIN,P,pitching,125,,449.0,116.0,0.27839643652561247,9.698275862068966,2025
686797,445,MIN,3B,hitting,104,412.0,,,0.2524271844660194,,2025
621439,446,MIN,CF,hitting,104,412.0,,,0.2524271844660194,,2025
621043,447,MIN,SS,hitting,104,412.0,,,0.2524271844660194,,2025
663978,448,MIN,P,pitching,125,,449.0,116.0,0.27839643652561247,9.698275862068966,2025
543877,449,MIN,C,hitting,104,412.0,,,0.2524271844660194,,2025
663485,450,MIN,P,pitching,125,,449.0,116.0,0.27839643652561247,9.698275862068966,2025
680577,451,MIN,CF,hitting,104,412.0,,,0.2524271844660194,,2025
543056,452,MIN,P,pitching,125,,449.0,116.0,0.27839643652561247,9.698275862068966,2025
701581,453,MIN,P,pitching,125,,449.0,116.0,0.27839643652561247,9.698275862068966,2025
643377,454,MIN,P,pitching,125,,449.0,116.0,0.27839643652561247,9.698275862068966,2025
664056,455,MIN,LF,hitting,104,412.0,,,0.2524271844660194,,2025
661395,456,MIN,P,pitching,125,,449.0,116.0,0.27839643652561247,9.698275862068966,2025
657746,457,MIN,P,pitching,125,,449.0,116.0,0.27839643652561247,9.698275862068966,2025
623437,458,MIN,P,pitching,125,,449.0,116.0,0.27839643652561247,9.698275862068966,2025
665019,459,MIN,2B,hitting,104,412.0,,,0.2524271844660194,,2025
686973,460,MIN,P,pitching,125,,449.0,116.0,0.27839643652561247,9.698275862068966,2025
670242,461,MIN,RF,hitting,104,412.0,,,0.2524271844660194,,2025
668904,462,MIN,3B,hitting,104,412.0,,,0.2524271844660194,,2025
680777,463,MIN,C,hitting,104,412.0,,,0.2524271844660194,,2025
680573,464,MIN,P,pitching,125,,449.0,116.0,0.27839643652561247,9.698275862068966,2025
701519,465,MIN,P,pitching,125,,449.0,116.0,0.27839643652561247,9.698275862068966,2025
663616,466,MIN,RF,hitting,104,412.0,,,0.2524271844660194,,2025
664034,467,MIN,1B,hitting,104,412.0,,,0.2524271844660194,,2025
650489,468,MIN,LF,hitting,104,412.0,,,0.2524271844660194,,2025
692024,469,NYM,P,pitching,125,,449.0,116.0,0.27839643652561247,9.698275862068966,2025
681810,470,NYM,P,pitching,125,,449.0,116.0,0.27839643652561247,9.698275862068966,2025
607043,471,NYM,LF,hitting,104,412.0,,,0.2524271844660194,,2025
663399,472,NYM,P,pitching,125,,449.0,116.0,0.27839643652561247,9.698275862068966,2025
683146,473,NYM,3B,hitting,104,412.0,,,0.2524271844660194,,2025
606965,474,NYM,P,pitching,125,,449.0,116.0,0.27839643652561247,9.698275862068966,2025
605280,475,NYM,P,pitching,125,,449.0,116.0,0.27839643652561247,9.698275862068966,2025
656849,476,NYM,P,pitching,125,,449.0,116.0,0.27839643652561247,9.698275862068966,2025
621242,477,NYM,P,pitching,125,,449.0,116.0,0.27839643652561247,9.698275862068966,2025
596019,478,NYM,SS,hitting,104,412.0,,,0.2524271844660194,,2025
593423,479,NYM,P,pitching,125,,449.0,116.0,0.27839643652561247,9.698275862068966,2025
663584,480,NYM,C,hitting,104,412.0,,,0.2524271844660194,,2025
623211,481,NYM,P,pitching,125,,449.0,116.0,0.27839643652561247,9.698275862068966,2025
643446,482,NYM,2B,hitting,104,412.0,,,0.2524271844660194,,2025
608385,483,NYM,LF,hitting,104,412.0,,,0.2524271844660194,,2025
665742,484,NYM,RF,hitting,104,412.0,,,0.2524271844660194,,2025
663795,485,NYM,P,pitching,125,,449.0,116.0,0.27839643652561247,9.698275862068966,2025
620443,486,NYM,C,hitting,104,412.0,,,0.2524271844660194,,2025
682668,487,NYM,2B,hitting,104,412.0,,,0.2524271844660194,,2025
668901,488,NYM,3B,hitting,104,412.0,,,0.2524271844660194,,2025
624413,489,NYM,1B,hitting,104,412.0,,,0.2524271844660194,,2025
657585,490,NYM,P,pitching,125,,449.0,116.0,0.27839643652561247,9.698275862068966,2025
663992,491,NYM,P,pitching,125,,449.0,116.0,0.27839643652561247,9.698275862068966,2025
670329,492,NYM,P,pitching,125,,449.0,116.0,0.27839643652561247,9.698275862068966,2025
677595,493,NYM,3B,hitting,104,412.0,,,0.2524271844660194,,2025
592773,494,NYM,P,pitching,125,,449.0,116.0,0.27839643652561247,9.698275862068966,2025
621438,495,NYM,CF,hitting,104,412.0,,,0.2524271844660194,,2025
592450,496,NYY,RF,hitting,104,412.0,,,0.2524271844660194,,2025
683011,497,NYY,SS,hitting,104,412.0,,,0.2524271844660194,,2025
669224,498,NYY,C,hitting,104,412.0,,,0.2524271844660194,,2025
700250,499,NYY,1B,hitting,104,412.0,,,0.2524271844660194,,2025
693645,500,NYY,P,pitching,125,,449.0,116.0,0.27839643652561247,9.698275862068966,2025
607074,501,NYY,P,pitching,125,,449.0,116.0,0.27839643652561247,9.698275862068966,2025
690925,502,NYY,P,pitching,125,,449.0,116.0,0.27839643652561247,9.698275862068966,2025
641355,503,NYY,LF,hitting,104,412.0,,,0.2524271844660194,,2025
642207,504,NYY,P,pitching,125,,449.0,116.0,0.27839643652561247,9.698275862068966,2025
519317,505,NYY,DH,hitting,104,412.0,,,0.2524271844660194,,2025
641656,506,NYY,P,pitching,125,,449.0,116.0,0.27839643652561247,9.698275862068966,2025
641555,507,NYY,C,hitting,104,412.0,,,0.2524271844660194,,2025
664141,508,NYY,P,pitching,125,,449.0,116.0,0.27839643652561247,9.698275862068966,2025
691176,509,NYY,LF,hitting,104,412.0,,,0.2524271844660194,,2025
665862,510,NYY,2B,hitting,104,412.0,,,0.2524271844660194,,2025
642528,511,NYY,P,pitching,125,,449.0,116.0,0.27839643652561247,9.698275862068966,2025
678391,512,NYY,2B,hitting,104,412.0,,,0.2524271844660194,,2025
596133,513,NYY,P,pitching,125,,449.0,116.0,0.27839643652561247,9.698275862068966,2025
573186,514,NYY,P,pitching,125,,449.0,116.0,0.27839643652561247,9.698275862068966,2025
608331,515,NYY,P,pitching,125,,449.0,116.0,0.27839643652561247,9.698275862068966,2025
672724,516,NYY,3B,hitting,104,412.0,,,0.2524271844660194,,2025
502671,517,NYY,1B,hitting,104,412.0,,,0.2524271844660194,,2025
664123,518,NYY,P,pitching,125,,449.0,116.0,0.27839643652561247,9.698275862068966,2025
657612,519,NYY,P,pitching,125,,449.0,116.0,0.27839643652561247,9.698275862068966,2025
663757,520,NYY,CF,hitting,104,412.0,,,0.2524271844660194,,2025
701542,521,NYY,P,pitching,125,,449.0,116.0,0.27839643652561247,9.698275862068966,2025
664761,522,PHI,3B,hitting,104,412.0,,,0.2524271844660194,,2025
669016,523,PHI,CF,hitting,104,412.0,,,0.2524271844660194,,2025
547180,524,PHI,1B,hitting,104,412.0,,,0.2524271844660194,,2025
681082,525,PHI,2B,hitting,104,412.0,,,0.2524271844660194,,2025
650911,526,PHI,P,pitching,125,,449.0,116.0,0.27839643652561247,9.698275862068966,2025
642016,527,PHI,P,pitching,125,,449.0,116.0,0.27839643652561247,9.698275862068966,2025
624641,528,PHI,2B,hitting,104,412.0,,,0.2524271844660194,,2025
592663,529,PHI,C,hitting,104,412.0,,,0.2524271844660194,,2025
666200,530,PHI,P,pitching,125,,449.0,116.0,0.27839643652561247,9.698275862068966,2025
605452,531,PHI,P,pitching,125,,449.0,116.0,0.27839643652561247,9.698275862068966,2025
679032,532,PHI,CF,hitting,104,412.0,,,0.2524271844660194,,2025
605447,533,PHI,P,pitching,125,,449.0,116.0,0.27839643652561247,9.698275862068966,2025
656941,534,PHI,LF,hitting,104,412.0,,,0.2524271844660194,,2025
621381,535,PHI,P,pitching,125,,449.0,116.0,0.27839643652561247,9.698275862068966,2025
596146,536,PHI,LF,hitting,104,412.0,,,0.2524271844660194,,2025
676661,537,PHI,P,pitching,125,,449.0,116.0,0.27839643652561247,9.698275862068966,2025
592206,538,PHI,RF,hitting,104,412.0,,,0.2524271844660194,,2025
689147,539,PHI,P,pitching,125,,449.0,116.0,0.27839643652561247,9.698275862068966,2025
805249,540,PHI,1B,hitting,104,412.0,,,0.2524271844660194,,2025
665561,541,PHI,C,hitting,104,412.0,,,0.2524271844660194,,2025
624133,542,PHI,P,pitching,125,,449.0,116.0,0.27839643652561247,9.698275862068966,2025
686751,543,PHI,P,pitching,125,,449.0,116.0,0.27839643652561247,9.698275862068966,2025
592836,544,PHI,P,pitching,125,,449.0,116.0,0.27839643652561247,9.698275862068966,2025
621383,545,PHI,P,pitching,125,,449.0,116.0,0.27839643652561247,9.698275862068966,2025
607208,546,PHI,SS,hitting,104,412.0,,,0.2524271844660194,,2025
554430,547,PHI,P,pitching,125,,449.0,116.0,0.27839643652561247,9.698275862068966,2025
624428,548,PIT,2B,hitting,104,412.0,,,0.2524271844660194,,2025
672744,549,PIT,LF,hitting,104,412.0,,,0.2524271844660194,,2025
571760,550,PIT,P,pitching,125,,449.0,116.0,0.27839643652561247,9.698275862068966,2025
457705,551,PIT,RF,hitting,104,412.0,,,0.2524271844660194,,2025
663559,552,PIT,P,pitching,125,,449.0,116.0,0.27839643652561247,9.698275862068966,2025
677952,553,PIT,P,pitching,125,,449.0,116.0,0.27839643652561247,9.698275862068966,2025
668804,554,PIT,RF,hitting,104,412.0,,,0.2524271844660194,,2025
657571,555,PIT,P,pitching,125,,449.0,116.0,0.27839643652561247,9.698275862068966,2025
669387,556,PIT,P,pitching,125,,449.0,116.0,0.27839643652561247,9.698275862068966,2025
670280,557,PIT,P,pitching,125,,449.0,116.0,0.27839643652561247,9.698275862068966,2025
642701,558,PIT,P,pitching,125,,449.0,116.0,0.27839643652561247,9.698275862068966,2025
650893,559,PIT,P,pitching,125,,449.0,116.0,0.27839643652561247,9.698275862068966,2025
680779,560,PIT,C,hitting,104,412.0,,,0.2524271844660194,,2025
676755,561,PIT,P,pitching,125,,449.0,116.0,0.27839643652561247,9.698275862068966,2025
643396,562,PIT,SS,hitting,104,412.0,,,0.2524271844660194,,2025
669261,563,PIT,RF,hitting,104,412.0,,,0.2524271844660194,,2025
669707,564,PIT,SS,hitting,104,412.0,,,0.2524271844660194,,2025
663698,565,PIT,C,hitting,104,412.0,,,0.2524271844660194,,2025
663647,566,PIT,3B,hitting,104,412.0,,,0.2524271844660194,,2025
681347,567,PIT,P,pitching,125,,449.0,116.0,0.27839643652561247,9.698275862068966,2025
656605,568,PIT,P,pitching,125,,449.0,116.0,0.27839643652561247,9.698275862068966,2025
693304,569,PIT,2B,hitting,104,412.0,,,0.2524271844660194,,2025
665833,570,PIT,CF,hitting,104,412.0,,,0.2524271844660194,,2025
694973,571,PIT,P,pitching,125,,449.0,116.0,0.27839643652561247,9.698275862068966,2025
687462,572,PIT,1B,hitting,104,412.0,,,0.2524271844660194,,2025
502054,573,PIT,LF,hitting,104,412.0,,,0.2524271844660194,,2025
670970,574,SD,P,pitching,125,,449.0,116.0,0.27839643652561247,9.698275862068966,2025
663773,575,SD,P,pitching,125,,449.0,116.0,0.27839643652561247,9.698275862068966,2025
669369,576,SD,CF,hitting,104,412.0,,,0.2524271844660194,,2025
688158,577,SD,P,pitching,125,,449.0,116.0,0.27839643652561247,9.698275862068966,2025
656302,578,SD,P,pitching,125,,449.0,116.0,0.27839643652561247,9.698275862068966,2025
674384,579,SD,P,pitching,125,,449.0,116.0,0.27839643652561247,9.698275862068966,2025
553869,580,SD,C,hitting,104,412.0,,,0.2524271844660194,,2025
665487,581,SD,RF,hitting,104,412.0,,,0.2524271844660194,,2025
657757,582,SD,LF,hitting,104,412.0,,,0.2524271844660194,,2025
701538,583,SD,CF,hitting,104,412.0,,,0.2524271844660194,,2025
630105,584,SD,2B,hitting,104,412.0,,,0.2524271844660194,,2025
592094,585,SD,P,pitching,125,,449.0,116.0,0.27839643652561247,9.698275862068966,2025
669093,586,SD,P,pitching,125,,449.0,116.0,0.27839643652561247,9.698275862068966,2025
578428,587,SD,2B,hitting,104,412.0,,,0.2524271844660194,,2025
650333,588,SD,1B,hitting,104,412.0,,,0.2524271844660194,,2025
592518,589,SD,3B,hitting,104,412.0,,,0.2524271844660194,,2025
455117,590,SD,C,hitting,104,412.0,,,0.2524271844660194,,2025
601713,591,SD,P,pitching,125,,449.0,116.0,0.27839643652561247,9.698275862068966,2025
681190,592,SD,P,pitching,125,,449.0,116.0,0.27839643652561247,9.698275862068966,2025
663158,593,SD,P,pitching,125,,449.0,116.0,0.27839643652561247,9.698275862068966,2025
670092,594,SD,LF,hitting,104,412.0,,,0.2524271844660194,,2025
642180,595,SD,CF,hitting,104,412.0,,,0.2524271844660194,,2025
593974,596,SD,P,pitching,125,,449.0,116.0,0.27839643652561247,9.698275862068966,2025
593428,597,SD,SS,hitting,104,412.0,,,0.2524271844660194,,2025
506433,598,SD,P,pitching,125,,449.0,116.0,0.27839643652561247,9.698275862068966,2025
673513,599,SD,P,pitching,125,,449.0,116.0,0.27839643652561247,9.698275862068966,2025
662253,600,SEA,P,pitching,125,,449.0,116.0,0.27839643652561247,9.698275862068966,2025
810938,601,SEA,3B,hitting,104,412.0,,,0.2524271844660194,,2025
693433,602,SEA,P,pitching,125,,449.0,116.0,0.27839643652561247,9.698275862068966,2025
663728,603,SEA,C,hitting,104,412.0,,,0.2524271844660194,,2025
672841,604,SEA,P,pitching,125,,449.0,116.0,0.27839643652561247,9.698275862068966,2025
668984,605,SEA,P,pitching,125,,449.0,116.0,0.27839643652561247,9.698275862068966,2025
702284,606,SEA,2B,hitting,104,412.0,,,0.2524271844660194,,2025
686527,607,SEA,RF,hitting,104,412.0,,,0.2524271844660194,,2025
456781,608,SEA,1B,hitting,104,412.0,,,0.2524271844660194,,2025
664238,609,SEA,2B,hitting,104,412.0,,,0.2524271844660194,,2025
660825,610,SEA,P,pitching,125,,449.0,116.0,0.27839643652561247,9.698275862068966,2025
642100,611,SEA,P,pitching,125,,449.0,116.0,0.27839643652561247,9.698275862068966,2025
669923,612,SEA,P,pitching,125,,449.0,116.0,0.27839643652561247,9.698275862068966,2025
641487,613,SEA,SS,hitting,104,412.0,,,0.2524271844660194,,2025
593871,614,SEA,2B,hitting,104,412.0,,,0.2524271844660194,,2025
686228,615,SEA,P,pitching,125,,449.0,116.0,0.27839643652561247,9.698275862068966,2025
677594,616,SEA,CF,hitting,104,412.0,,,0.2524271844660194,,2025
688138,617,SEA,P,pitching,125,,449.0,116.0,0.27839643652561247,9.698275862068966,2025
669302,618,SEA,P,pitching,125,,449.0,116.0,0.27839643652561247,9.698275862068966,2025
622491,619,SEA,P,pitching,125,,449.0,116.0,0.27839643652561247,9.698275862068966,2025
670042,620,SEA,RF,hitting,104,412.0,,,0.2524271844660194,,2025
666374,621,SEA,P,pitching,125,,449.0,116.0,0.27839643652561247,9.698275862068966,2025
670156,622,SEA,3B,hitting,104,412.0,,,0.2524271844660194,,2025
641598,623,SEA,C,hitting,104,412.0,,,0.2524271844660194,,2025
668227,624,SEA,LF,hitting,104,412.0,,,0.2524271844660194,,2025
663423,625,SEA,P,pitching,125,,449.0,116.0,0.27839643652561247,9.698275862068966,2025
668800,626,SF,C,hitting,104,412.0,,,0.2524271844660194,,2025
689172,627,SF,2B,hitting,104,412.0,,,0.2524271844660194,,2025
666808,628,SF,P,pitching,125,,449.0,116.0,0.27839643652561247,9.698275862068966,2025
669477,629,SF,3B,hitting,104,412.0,,,0.2524271844660194,,2025
642086,630,SF,1B,hitting,104,412.0,,,0.2524271844660194,,2025
806185,631,SF,P,pitching,125,,449.0,116.0,0.27839643652561247,9.698275862068966,2025
671218,632,SF,LF,hitting,104,412.0,,,0.2524271844660194,,2025
664192,633,SF,P,pitching,125,,449.0,116.0,0.27839643652561247,9.698275862068966,2025
808982,634,SF,CF,hitting,104,412.0,,,0.2524271844660194,,2025
434378,635,SF,P,pitching,125,,449.0,116.0,0.27839643652561247,9.698275862068966,2025
694738,636,SF,P,pitching,125,,449.0,116.0,0.27839643652561247,9.698275862068966,2025
657277,637,SF,P,pitching,125,,449.0,116.0,0.27839643652561247,9.698275862068966,2025
682641,638,SF,RF,hitting,104,412.0,,,0.2524271844660194,,2025
656305,639,SF,3B,hitting,104,412.0,,,0.2524271844660194,,2025
573262,640,SF,RF,hitting,104,412.0,,,0.2524271844660194,,2025
672275,641,SF,C,hitting,104,412.0,,,0.2524271844660194,,2025
646240,642,SF,DH,hitting,104,412.0,,,0.2524271844660194,,2025
678495,643,SF,P,pitching,125,,449.0,116.0,0.27839643652561247,9.698275862068966,2025
592662,644,SF,P,pitching,125,,449.0,116.0,0.27839643652561247,9.698275862068966,2025
676254,645,SF,P,pitching,125,,449.0,116.0,0.27839643652561247,9.698275862068966,2025
518397,646,SF,P,pitching,125,,449.0,116.0,0.27839643652561247,9.698275862068966,2025
702352,647,SF,P,pitching,125,,449.0,116.0,0.27839643652561247,9.698275862068966,2025
663941,648,SF,P,pitching,125,,449.0,116.0,0.27839643652561247,9.698275862068966,2025
643511,649,SF,P,pitching,125,,449.0,116.0,0.27839643652561247,9.698275862068966,2025
642715,650,SF,SS,hitting,104,412.0,,,0.2524271844660194,,2025
527038,651,SF,1B,hitting,104,412.0,,,0.2524271844660194,,2025
676475,652,STL,1B,hitting,104,412.0,,,0.2524271844660194,,2025
669467,653,STL,P,pitching,125,,449.0,116.0,0.27839643652561247,9.698275862068966,2025
680977,654,STL,2B,hitting,104,412.0,,,0.2524271844660194,,2025
607200,655,STL,P,pitching,125,,449.0,116.0,0.27839643652561247,9.698275862068966,2025
641658,656,STL,2B,hitting,104,412.0,,,0.2524271844660194,,2025
668941,657,STL,P,pitching,125,,449.0,116.0,0.27839643652561247,9.698275862068966,2025
667463,658,STL,P,pitching,125,,449.0,116.0,0.27839643652561247,9.698275862068966,2025
665877,659,STL,2B,hitting,104,412.0,,,0.2524271844660194,,2025
681517,660,STL,P,pitching,125,,449.0,116.0,0.27839643652561247,9.698275862068966,2025
663457,661,STL,LF,hitting,104,412.0,,,0.2524271844660194,,2025
691026,662,STL,SS,hitting,104,412.0,,,0.2524271844660194,,2025
694335,663,STL,P,pitching,125,,449.0,116.0,0.27839643652561247,9.698275862068966,2025
669461,664,STL,P,pitching,125,,449.0,116.0,0.27839643652561247,9.698275862068966,2025
571945,665,STL,P,pitching,125,,449.0,116.0,0.27839643652561247,9.698275862068966,2025
571448,666,STL,3B,hitting,104,412.0,,,0.2524271844660194,,2025
669357,667,STL,2B,hitting,104,412.0,,,0.2524271844660194,,2025
686780,668,STL,C,hitting,104,412.0,,,0.2524271844660194,,2025
664208,669,STL,P,pitching,125,,449.0,116.0,0.27839643652561247,9.698275862068966,2025
676617,670,STL,P,pitching,125,,449.0,116.0,0.27839643652561247,9.698275862068966,2025
664854,671,STL,P,pitching,125,,449.0,116.0,0.27839643652561247,9.698275862068966,2025
543243,672,STL,P,pitching,125,,449.0,116.0,0.27839643652561247,9.698275862068966,2025
571927,673,STL,P,pitching,125,,449.0,116.0,0.27839643652561247,9.698275862068966,2025
695336,674,STL,2B,hitting,104,412.0,,,0.2524271844660194,,2025
687363,675,STL,CF,hitting,104,412.0,,,0.2524271844660194,,2025
575929,676,STL,1B,hitting,104,412.0,,,0.2524271844660194,,2025
650968,677,STL,C,hitting,104,412.0,,,0.2524271844660194,,2025
664040,678,TB,2B,hitting,104,412.0,,,0.2524271844660194,,2025
641329,679,TB,P,pitching,125,,449.0,116.0,0.27839643652561247,9.698275862068966,2025
802415,680,TB,CF,hitting,104,412.0,,,0.2524271844660194,,2025
666624,681,TB,LF,hitting,104,412.0,,,0.2524271844660194,,2025
643376,682,TB,C,hitting,104,412.0,,,0.2524271844660194,,2025
656876,683,TB,P,pitching,125,,449.0,116.0,0.27839643652561247,9.698275862068966,2025
670955,684,TB,P,pitching,125,,449.0,116.0,0.27839643652561247,9.698275862068966,2025
679358,685,TB,P,pitching,125,,449.0,116.0,0.27839643652561247,9.698275862068966,2025
664076,686,TB,P,pitching,125,,449.0,116.0,0.27839643652561247,9.698275862068966,2025
673490,687,TB,SS,hitting,104,412.0,,,0.2524271844660194,,2025
693855,688,TB,P,pitching,125,,449.0,116.0,0.27839643652561247,9.698275862068966,2025
663968,689,TB,LF,hitting,104,412.0,,,0.2524271844660194,,2025
671212,690,TB,P,pitching,125,,449.0,116.0,0.27839643652561247,9.698275862068966,2025
666018,691,TB,1B,hitting,104,412.0,,,0.2524271844660194,,2025
666139,692,TB,RF,hitting,104,412.0,,,0.2524271844660194,,2025
676609,693,TB,SS,hitting,104,412.0,,,0.2524271844660194,,2025
691406,694,TB,3B,hitting,104,412.0,,,0.2524271844660194,,2025
687330,695,TB,P,pitching,125,,449.0,116.0,0.27839643652561247,9.698275862068966,2025
669438,696,TB,P,pitching,125,,449.0,116.0,0.27839643652561247,9.698275862068966,2025
642136,697,TB,C,hitting,104,412.0,,,0.2524271844660194,,2025
664126,698,TB,P,pitching,125,,449.0,116.0,0.27839643652561247,9.698275862068966,2025
686752,699,TB,P,pitching,125,,449.0,116.0,0.27839643652561247,9.698275862068966,2025
669358,700,TB,P,pitching,125,,449.0,116.0,0.27839643652561247,9.698275862068966,2025
671737,701,TB,P,pitching,125,,449.0,116.0,0.27839643652561247,9.698275862068966,2025
670764,702,TB,SS,hitting,104,412.0,,,0.2524271844660194,,2025
650490,703,TB,1B,hitting,104,412.0,,,0.2524271844660194,,2025
641793,704,TB,P,pitching,125,,449.0,116.0,0.27839643652561247,9.698275862068966,2025
666969,705,TEX,RF,hitting,104,412.0,,,0.2524271844660194,,2025
696030,706,TEX,LF,hitting,104,412.0,,,0.2524271844660194,,2025
455119,707,TEX,P,pitching,125,,449.0,116.0,0.27839643652561247,9.698275862068966,2025
608369,708,TEX,SS,hitting,104,412.0,,,0.2524271844660194,,2025
641540,709,TEX,P,pitching,125,,449.0,116.0,0.27839643652561247,9.698275862068966,2025
694497,710,TEX,CF,hitting,104,412.0,,,0.2524271844660194,,2025
677649,711,TEX,SS,hitting,104,412.0,,,0.2524271844660194,,2025
571948,712,TEX,P,pitching,125,,449.0,116.0,0.27839643652561247,9.698275862068966,2025
683004,713,TEX,P,pitching,125,,449.0,116.0,0.27839643652561247,9.698275862068966,2025
656641,714,TEX,P,pitching,125,,449.0,116.0,0.27839643652561247,9.698275862068966,2025
657097,715,TEX,P,pitching,125,,449.0,116.0,0.27839643652561247,9.698275862068966,2025
594798,716,TEX,P,pitching,125,,449.0,116.0,0.27839643652561247,9.698275862068966,2025
669394,717,TEX,1B,hitting,104,412.0,,,0.2524271844660194,,2025
641680,718,TEX,C,hitting,104,412.0,,,0.2524271844660194,,2025
669701,719,TEX,SS,hitting,104,412.0,,,0.2524271844660194,,2025
677958,720,TEX,P,pitching,125,,449.0,116.0,0.27839643652561247,9.698275862068966,2025
543309,721,TEX,C,hitting,104,412.0,,,0.2524271844660194,,2025
592426,722,TEX,P,pitching,125,,449.0,116.0,0.27839643652561247,9.698275862068966,2025
543760,723,TEX,2B,hitting,104,412.0,,,0.2524271844660194,,2025
680737,724,TEX,CF,hitting,104,412.0,,,0.2524271844660194,,2025
543135,725,TEX,P,pitching,125,,449.0,116.0,0.27839643652561247,9.698275862068966,2025
571578,726,TEX,P,pitching,125,,449.0,116.0,0.27839643652561247,9.698275862068966,2025
676395,727,TEX,P,pitching,125,,449.0,116.0,0.27839643652561247,9.698275862068966,2025
664059,728,TEX,CF,hitting,104,412.0,,,0.2524271844660194,,2025
542888,729,TEX,P,pitching,125,,449.0,116.0,0.27839643652561247,9.698275862068966,2025
694671,730,TEX,LF,hitting,104,412.0,,,0.2524271844660194,,2025
680718,731,TOR,3B,hitting,104,412.0,,,0.2524271844660194,,2025
672386,732,TOR,C,hitting,104,412.0,,,0.2524271844660194,,2025
666182,733,TOR,SS,hitting,104,412.0,,,0.2524271844660194,,2025
680755,734,TOR,P,pitching,125,,449.0,116.0,0.27839643652561247,9.698275862068966,2025
663893,735,TOR,P,pitching,125,,449.0,116.0,0.27839643652561247,9.698275862068966,2025
643338,736,TOR,P,pitching,125,,449.0,116.0,0.27839643652561247,9.698275862068966,2025
605135,737,TOR,P,pitching,125,,449.0,116.0,0.27839643652561247,9.698275862068966,2025
676914,738,TOR,LF,hitting,104,412.0,,,0.2524271844660194,,2025
641778,739,TOR,P,pitching,125,,449.0,116.0,0.27839643652561247,9.698275862068966,2025
676391,740,TOR,3B,hitting,104,412.0,,,0.2524271844660194,,2025
543807,741,TOR,RF,hitting,104,412.0,,,0.2524271844660194,,2025
656546,742,TOR,P,pitching,125,,449.0,116.0,0.27839643652561247,9.698275862068966,2025
694388,743,TOR,LF,hitting,104,412.0,,,0.2524271844660194,,2025
621244,744,TOR,P,pitching,125,,449.0,116.0,0.27839643652561247,9.698275862068966,2025
677865,745,TOR,P,pitching,125,,449.0,116.0,0.27839643652561247,9.698275862068966,2025
592332,746,TOR,P,pitching,125,,449.0,116.0,0.27839643652561247,9.698275862068966,2025
677870,747,TOR,SS,hitting,104,412.0,,,0.2524271844660194,,2025
453286,748,TOR,P,pitching,125,,449.0,116.0,0.27839643652561247,9.698275862068966,2025
664702,749,TOR,CF,hitting,104,412.0,,,0.2524271844660194,,2025
664770,750,TOR,RF,hitting,104,412.0,,,0.2524271844660194,,2025
673820,751,TOR,P,pitching,125,,449.0,116.0,0.27839643652561247,9.698275862068966,2025
621114,752,TOR,P,pitching,125,,449.0,116.0,0.27839643652561247,9.698275862068966,2025
623168,753,TOR,C,hitting,104,412.0,,,0.2524271844660194,,2025
665489,754,TOR,1B,hitting,104,412.0,,,0.2524271844660194,,2025
695238,755,TOR,3B,hitting,104,412.0,,,0.2524271844660194,,2025
684320,756,TOR,P,pitching,125,,449.0,116.0,0.27839643652561247,9.698275862068966,2025
669743,757,WSH,RF,hitting,104,412.0,,,0.2524271844660194,,2025
642708,758,WSH,3B,hitting,104,412.0,,,0.2524271844660194,,2025
605177,759,WSH,P,pitching,125,,449.0,116.0,0.27839643652561247,9.698275862068966,2025
695418,760,WSH,P,pitching,125,,449.0,116.0,0.27839643652561247,9.698275862068966,2025
691781,761,WSH,3B,hitting,104,412.0,,,0.2524271844660194,,2025
682928,762,WSH,SS,hitting,104,412.0,,,0.2524271844660194,,2025
669371,763,WSH,P,pitching,125,,449.0,116.0,0.27839643652561247,9.698275862068966,2025
695734,764,WSH,RF,hitting,104,412.0,,,0.2524271844660194,,2025
686452,765,WSH,C,hitting,104,412.0,,,0.2524271844660194,,2025
671131,766,WSH,P,pitching,125,,449.0,116.0,0.27839643652561247,9.698275862068966,2025
696285,767,WSH,CF,hitting,104,412.0,,,0.2524271844660194,,2025
663623,768,WSH,P,pitching,125,,449.0,116.0,0.27839643652561247,9.698275862068966,2025
695578,769,WSH,LF,hitting,104,412.0,,,0.2524271844660194,,2025
678606,770,WSH,P,pitching,125,,449.0,116.0,0.27839643652561247,9.698275862068966,2025
605137,771,WSH,1B,hitting,104,412.0,,,0.2524271844660194,,2025
640448,772,WSH,P,pitching,125,,449.0,116.0,0.27839643652561247,9.698275862068966,2025
472610,773,WSH,P,pitching,125,,449.0,116.0,0.27839643652561247,9.698275862068966,2025
671277,774,WSH,2B,hitting,104,412.0,,,0.2524271844660194,,2025
669022,775,WSH,P,pitching,125,,449.0,116.0,0.27839643652561247,9.698275862068966,2025
666168,776,WSH,P,pitching,125,,449.0,116.0,0.27839643652561247,9.698275862068966,2025
647336,777,WSH,P,pitching,125,,449.0,116.0,0.27839643652561247,9.698275862068966,2025
680730,778,WSH,P,pitching,125,,449.0,116.0,0.27839643652561247,9.698275862068966,2025
663993,779,WSH,1B,hitting,104,412.0,,,0.2524271844660194,,2025
657557,780,WSH,3B,hitting,104,412.0,,,0.2524271844660194,,2025
656180,781,WSH,C,hitting,104,412.0,,,0.2524271844660194,,2025
829272,782,WSH,P,pitching,125,,449.0,116.0,0.27839643652561247,9.698275862068966,2025
